3.5869e+06,3.8008e+06,9.9421e+05,1.6325e+06,7019,2.9304e+05,1.2606e+06,0,0,0,43013,7019,0,0,0,0,0,0,2.1392e+05,9.2025e+05,1.5327e+06,3.6317e+09,2.5399e+09,3.7424e+07,5.1374e+08,4.6264e+05,8.7912e+07,2.5213e+08,0,0,0,2.1506e+05,0,0,0,0,0,0,0,0,0,0,1.2106e+09,8.4662e+08,1.6039e+07,0,1.5421e+05,3.3699e+07,9.4546e+07,0,0,0,6.4519e+05,0,0,0,0,0,0,2192,1620,1290,1274,70.6,0,2.3445e+08,7.4541e+08,0,0,0,6750,4455,290.18,0,204.48,411.72,270.2,1979.4,1979.4,627.39,15,0,0,0,5998.4,5998.4,9485,9.559e+06,4.9942e+06,17260,339.58,1.7583e+05,7.5637e+05,0,0,0,215.06,4.4355e+06,0,0,0,0,0,0,28695,19004,5993.9,1.8121e+05,11.932,641.76,2760.8,0,0,0,4.3013,0,0,0,0,0,0
3.9053e+06,4.1276e+06,1.0147e+06,1.6914e+06,7115.5,3.0465e+05,1.3044e+06,0,0,0,44076,7115.5,0,0,0,0,0,0,2.2231e+05,9.5188e+05,1.6996e+06,3.9541e+09,2.7583e+09,3.9628e+07,5.3228e+08,4.6498e+05,9.059e+07,2.586e+08,0,0,0,2.2038e+05,0,0,0,0,0,0,0,0,0,0,1.318e+09,9.1943e+08,1.6984e+07,0,1.5499e+05,3.4727e+07,9.6975e+07,0,0,0,6.6114e+05,0,0,0,0,0,0,2192,1620,1290,1274,70.6,0,2.4364e+08,7.7102e+08,0,0,0,6750,4455,290.18,0,204.48,411.72,270.2,1979.4,1979.4,627.39,15,0,0,0,5998.4,5998.4,9485,1.0408e+07,5.4237e+06,17616,344.25,1.8062e+05,7.7339e+05,0,0,0,220.38,4.9187e+06,0,0,0,0,0,0,31242,20638,6117.4,1.8774e+05,12.096,666.91,2855.7,0,0,0,4.4076,0,0,0,0,0,0
4.2403e+06,4.4709e+06,1.0355e+06,1.7497e+06,7214.4,3.1606e+05,1.3484e+06,0,0,0,45189,7214.4,0,0,0,0,0,0,2.3065e+05,9.8403e+05,1.8795e+06,4.2933e+09,2.9877e+09,4.1859e+07,5.5063e+08,4.6769e+05,9.3202e+07,2.6511e+08,0,0,0,2.2594e+05,0,0,0,0,0,0,0,0,0,0,1.4311e+09,9.959e+08,1.794e+07,0,1.559e+05,3.5728e+07,9.9418e+07,0,0,0,6.7783e+05,0,0,0,0,0,0,2192,1620,1290,1274,70.6,0,2.5278e+08,7.9706e+08,0,0,0,6750,4455,290.18,0,204.48,411.72,270.2,1979.4,1979.4,627.39,15,0,0,0,5998.4,5998.4,9485,1.13e+07,5.8748e+06,17976,349.03,1.8517e+05,7.8995e+05,0,0,0,225.94,5.4394e+06,0,0,0,0,0,0,33922,22355,6242.8,1.9421e+05,12.265,691.93,2952.1,0,0,0,4.5189,0,0,0,0,0,0
4.592e+06,4.8312e+06,1.0566e+06,1.8099e+06,7314.8,3.2788e+05,1.3938e+06,0,0,0,46326,7314.8,0,0,0,0,0,0,2.3926e+05,1.0172e+06,2.0687e+06,4.6493e+09,3.2285e+09,4.4123e+07,5.6959e+08,4.7065e+05,9.5917e+07,2.7188e+08,0,0,0,2.3163e+05,0,0,0,0,0,0,0,0,0,0,1.5498e+09,1.0762e+09,1.891e+07,0,1.5688e+05,3.6768e+07,1.0196e+08,0,0,0,6.9489e+05,0,0,0,0,0,0,2192,1620,1290,1274,70.6,0,2.6224e+08,8.2391e+08,0,0,0,6750,4455,290.18,0,204.48,411.72,270.2,1979.4,1979.4,627.39,15,0,0,0,5998.4,5998.4,9485,1.2238e+07,6.3482e+06,18343,353.89,1.8976e+05,8.0669e+05,0,0,0,231.63,5.9869e+06,0,0,0,0,0,0,36735,24156,6370.1,2.009e+05,12.435,717.79,3051.5,0,0,0,4.6326,0,0,0,0,0,0
4.9607e+06,5.2089e+06,1.0781e+06,1.8722e+06,7416.6,3.4012e+05,1.4408e+06,0,0,0,47492,7416.6,0,0,0,0,0,0,2.482e+05,1.0514e+06,2.2676e+06,5.0227e+09,3.4809e+09,4.6423e+07,5.8918e+08,4.7384e+05,9.874e+07,2.7893e+08,0,0,0,2.3747e+05,0,0,0,0,0,0,0,0,0,0,1.6742e+09,1.1603e+09,1.9896e+07,0,1.5795e+05,3.7851e+07,1.046e+08,0,0,0,7.1239e+05,0,0,0,0,0,0,2192,1620,1290,1274,70.6,0,2.7202e+08,8.5166e+08,0,0,0,6750,4455,290.18,0,204.48,411.72,270.2,1979.4,1979.4,627.39,15,0,0,0,5998.4,5998.4,9485,1.3221e+07,6.8445e+06,18716,358.82,1.9443e+05,8.2365e+05,0,0,0,237.47,6.5624e+06,0,0,0,0,0,0,39686,26045,6499.5,2.0781e+05,12.608,744.59,3154.3,0,0,0,4.7492,0,0,0,0,0,0
5.2072e+06,5.4967e+06,1.7526e+06,2.2348e+06,7063.8,3.9339e+05,1.7288e+06,0,0,0,1.327e+05,7063.8,1346.6,3225,11153,2133.9,1555.4,8808,2.8949e+05,1.272e+06,2.1931e+06,5.2723e+09,3.6732e+09,7.8981e+07,7.0331e+08,4.4848e+05,1.1328e+08,3.3191e+08,0,0,0,6.6348e+05,0,0,2.3189e+06,1.4321e+07,7.36e+06,5.3647e+06,3.3598e+07,4.3531e+05,3.173e+05,6.3419e+05,1.7574e+09,1.2244e+09,3.385e+07,0,1.4949e+05,4.3423e+07,1.2447e+08,0,0,0,1.9904e+06,0,4.417e+05,3.5802e+06,6.4e+05,4.6649e+05,6.3996e+06,2215.8,1638,1290,1274,70.6,0,3.2073e+08,1.0418e+09,0,0,0,6750,4455,290.18,0,204.48,411.72,270.2,1979.4,1979.4,627.39,15,0,0,0,5998.4,5998.4,9485,1.3877e+07,7.2226e+06,30425,341.75,2.221e+05,9.7609e+05,0,0,0,663.48,6.3466e+06,0,5079.2,49896,5313.4,3872.9,45401,41658,27483,10566,2.4806e+05,12.008,868.46,3816,0,0,0,13.27,0,45.473,180.68,117.15,85.391,453.62
5.4665e+06,5.7869e+06,1.9936e+06,2.417e+06,6744.1,4.3108e+05,1.8663e+06,0,0,0,2.2268e+05,6744.1,2864.1,6864.9,23739,4541.2,3320.3,18763,3.2047e+05,1.3878e+06,2.2399e+06,5.5347e+09,3.8671e+09,9.4101e+07,7.6062e+08,4.2577e+05,1.2311e+08,3.5536e+08,0,0,0,1.1134e+06,0,0,4.9361e+06,3.0482e+07,1.5663e+07,1.1452e+07,6.4027e+07,9.264e+05,6.7733e+05,1.2086e+06,1.8449e+09,1.289e+09,4.0329e+07,0,1.4192e+05,4.7193e+07,1.3326e+08,0,0,0,3.3403e+06,0,9.4021e+05,7.6204e+06,1.362e+06,9.9582e+05,1.2196e+07,2239.6,1656,1290,1274,70.6,0,3.5886e+08,1.1491e+09,0,0,0,6750,4455,290.18,0,204.48,411.72,270.2,1979.4,1979.4,627.39,15,0,0,0,5998.4,5998.4,9485,1.4568e+07,7.604e+06,34607,326.28,2.4032e+05,1.0405e+06,0,0,0,1113.4,6.4825e+06,0,10812,1.062e+05,11308,8267.4,96715,43732,28934,12019,2.6828e+05,11.465,961.42,4163.3,0,0,0,22.268,0,96.795,384.58,249.31,182.28,966.3
5.7308e+06,6.079e+06,2.2477e+06,2.541e+06,6413.9,4.6396e+05,1.9511e+06,0,0,0,3.2568e+05,6413.9,4570,10950,37795,7243,5294.5,29945,3.4817e+05,1.4645e+06,2.2898e+06,5.8025e+09,4.0623e+09,1.1117e+08,7.9965e+08,4.0287e+05,1.3143e+08,3.6855e+08,0,0,0,1.6284e+06,0,0,7.8733e+06,4.8529e+07,2.4981e+07,1.8261e+07,9.5104e+07,1.4776e+06,1.0801e+06,1.7952e+06,1.9341e+09,1.3541e+09,4.7645e+07,0,1.3429e+05,5.0381e+07,1.3821e+08,0,0,0,4.8852e+06,0,1.4997e+06,1.2132e+07,2.1723e+06,1.5879e+06,1.8116e+07,2263.4,1674,1290,1274,70.6,0,3.9402e+08,1.2258e+09,0,0,0,6750,4455,290.18,0,204.48,411.72,270.2,1979.4,1979.4,627.39,15,0,0,0,5998.4,5998.4,9485,1.5273e+07,7.9878e+06,39020,310.3,2.5537e+05,1.074e+06,0,0,0,1628.4,6.6266e+06,0,17245,1.6908e+05,18035,13183,1.5435e+05,45846,30395,13551,2.8205e+05,10.904,1044.5,4393.6,0,0,0,32.568,0,154.39,612.27,397.64,290.66,1542.1
5.9967e+06,6.3724e+06,2.5148e+06,2.6457e+06,6072.4,4.96e+05,2.0187e+06,0,0,0,4.4432e+05,6072.4,6466.4,15514,53580,10252,7509.3,42445,3.7572e+05,1.5297e+06,2.3393e+06,6.0716e+09,4.2583e+09,1.3033e+08,8.326e+08,3.7968e+05,1.3939e+08,3.7843e+08,0,0,0,2.2216e+06,0,0,1.1155e+07,6.8798e+07,3.5361e+07,2.59e+07,1.2773e+08,2.0915e+06,1.5319e+06,2.411e+06,2.0239e+09,1.4195e+09,5.5855e+07,0,1.2656e+05,5.3431e+07,1.4192e+08,0,0,0,6.6647e+06,0,2.1248e+06,1.72e+07,3.0749e+06,2.2522e+06,2.4329e+07,2287.2,1692,1290,1274,70.6,0,4.2968e+08,1.2941e+09,0,0,0,6750,4455,290.18,0,204.48,411.72,270.2,1979.4,1979.4,627.39,15,0,0,0,5998.4,5998.4,9485,1.5981e+07,8.3733e+06,43656,293.78,2.695e+05,1.0969e+06,0,0,0,2221.6,6.7698e+06,0,24434,2.3971e+05,25529,18698,2.1878e+05,47974,31862,15161,2.9367e+05,10.323,1127.2,4589.1,0,0,0,44.432,0,218.75,868.01,562.86,412.26,2186
6.2616e+06,6.6663e+06,2.7944e+06,2.7516e+06,5718.5,5.2947e+05,2.0859e+06,0,0,0,5.7998e+05,5718.5,8537.4,20499,70702,13519,9951.7,56135,4.048e+05,1.5953e+06,2.378e+06,6.3399e+09,4.4548e+09,1.517e+08,8.6596e+08,3.5608e+05,1.4763e+08,3.882e+08,0,0,0,2.9e+06,0,0,1.474e+07,9.0781e+07,4.6627e+07,3.4324e+07,1.6173e+08,2.7578e+06,2.0302e+06,3.0528e+06,2.1133e+09,1.4849e+09,6.5015e+07,0,1.1869e+05,5.659e+07,1.4558e+08,0,0,0,8.6998e+06,0,2.8076e+06,2.2696e+07,4.0546e+06,2.9847e+06,3.0806e+07,2311,1710,1290,1274,70.6,0,4.6774e+08,1.364e+09,0,0,0,6750,4455,290.18,0,204.48,411.72,270.2,1979.4,1979.4,627.39,15,0,0,0,5998.4,5998.4,9485,1.6687e+07,8.7596e+06,48512,276.66,2.8393e+05,1.1186e+06,0,0,0,2900,6.8818e+06,0,32285,3.163e+05,33662,24780,2.8935e+05,50092,33332,16847,3.0543e+05,9.7215,1214.4,4785.8,0,0,0,57.998,0,289.04,1145.4,742.18,546.35,2890.9
6.5246e+06,6.9602e+06,3.0864e+06,2.8611e+06,5353.2,5.6467e+05,2.1546e+06,0,0,0,7.3367e+05,5353.2,10858,26091,89976,17227,12643,71499,4.3566e+05,1.6628e+06,2.4042e+06,6.6061e+09,4.6512e+09,1.7541e+08,9.0038e+08,3.321e+05,1.5622e+08,3.9817e+08,0,0,0,3.6683e+06,0,0,1.8761e+07,1.1553e+08,5.9419e+07,4.3606e+07,1.9856e+08,3.5144e+06,2.5792e+06,3.7478e+06,2.2021e+09,1.5504e+09,7.5175e+07,0,1.107e+05,5.9884e+07,1.4931e+08,0,0,0,1.1005e+07,0,3.5735e+06,2.8882e+07,5.1668e+06,3.7918e+06,3.782e+07,2334.8,1728,1290,1274,70.6,0,5.0859e+08,1.4367e+09,0,0,0,6750,4455,290.18,0,204.48,411.72,270.2,1979.4,1979.4,627.39,15,0,0,0,5998.4,5998.4,9485,1.7389e+07,9.1458e+06,53580,258.98,2.988e+05,1.1401e+06,0,0,0,3668.3,6.9575e+06,0,41092,4.0253e+05,42896,31481,3.6854e+05,52196,34801,18607,3.1757e+05,9.1004,1307,4988.4,0,0,0,73.367,0,367.88,1457.6,945.79,694.1,3682.2
6.7848e+06,7.2532e+06,3.39e+06,2.9741e+06,4975.7,6.0166e+05,2.2248e+06,0,0,0,9.0612e+05,4975.7,13364,32172,1.1076e+05,21247,15566,88137,4.6841e+05,1.7325e+06,2.4164e+06,6.8696e+09,4.847e+09,2.0155e+08,9.3596e+08,3.0766e+05,1.6519e+08,4.0839e+08,0,0,0,4.5306e+06,0,0,2.3132e+07,1.4221e+08,7.3283e+07,5.3688e+07,2.3706e+08,4.3344e+06,3.1754e+06,4.4746e+06,2.2898e+09,1.6157e+09,8.638e+07,0,1.0255e+05,6.3322e+07,1.5315e+08,0,0,0,1.3592e+07,0,4.4062e+06,3.5553e+07,6.3724e+06,4.6685e+06,4.5154e+07,2358.6,1746,1290,1274,70.6,0,5.524e+08,1.5125e+09,0,0,0,6750,4455,290.18,0,204.48,411.72,270.2,1979.4,1979.4,627.39,15,0,0,0,5998.4,5998.4,9485,1.8082e+07,9.5308e+06,58849,240.73,3.1411e+05,1.1615e+06,0,0,0,4530.6,6.9929e+06,0,50669,4.955e+05,52905,38759,4.543e+05,54279,36267,20437,3.3013e+05,8.4588,1405.2,5197.7,0,0,0,90.612,0,453.62,1794.3,1166.5,854.56,4539
7.0414e+06,7.5445e+06,3.7046e+06,3.0908e+06,4585.5,6.4055e+05,2.2966e+06,0,0,0,1.0982e+06,4585.5,16085,38761,1.3346e+05,25643,18813,1.0636e+05,5.0317e+05,1.8046e+06,2.414e+06,7.1294e+09,5.0416e+09,2.3023e+08,9.727e+08,2.8269e+05,1.7454e+08,4.1885e+08,0,0,0,5.4908e+06,0,0,2.7871e+07,1.7136e+08,8.8443e+07,6.489e+07,2.7808e+08,5.231e+06,3.838e+06,5.2489e+06,2.3764e+09,1.6805e+09,9.8671e+07,0,94231,6.6909e+07,1.5707e+08,0,0,0,1.6473e+07,0,5.3087e+06,4.2839e+07,7.6907e+06,5.6425e+06,5.2967e+07,2382.4,1764,1290,1274,70.6,0,5.9938e+08,1.5917e+09,0,0,0,6750,4455,290.18,0,204.48,411.72,270.2,1979.4,1979.4,627.39,15,0,0,0,5998.4,5998.4,9485,1.8766e+07,9.9136e+06,64311,221.85,3.2989e+05,1.1828e+06,0,0,0,5490.8,6.986e+06,0,61047,5.9703e+05,63850,46846,5.4822e+05,56331,37723,22334,3.4309e+05,7.7955,1509.5,5413.8,0,0,0,109.82,0,546.53,2161.9,1407.8,1032.9,5477.5
7.2935e+06,7.8335e+06,4.0295e+06,3.2113e+06,4182.6,6.8138e+05,2.3701e+06,0,0,0,1.3105e+06,4182.6,19082,46033,1.5834e+05,30445,22373,1.263e+05,5.4003e+05,1.8789e+06,2.396e+06,7.3846e+09,5.2347e+09,2.6153e+08,1.0106e+09,2.5717e+05,1.843e+08,4.2953e+08,0,0,0,6.5523e+06,0,0,3.3099e+07,2.0331e+08,1.0501e+08,7.7167e+07,3.2188e+08,6.2108e+06,4.5642e+06,6.0756e+06,2.4615e+09,1.7449e+09,1.1208e+08,0,85724,7.065e+07,1.6108e+08,0,0,0,1.9657e+07,0,6.3047e+06,5.0827e+07,9.1311e+06,6.7102e+06,6.131e+07,2406.2,1782,1290,1274,70.6,0,6.497e+08,1.6742e+09,0,0,0,6750,4455,290.18,0,204.48,411.72,270.2,1979.4,1979.4,627.39,15,0,0,0,5998.4,5998.4,9485,1.9437e+07,1.0293e+07,69954,202.35,3.4609e+05,1.2038e+06,0,0,0,6552.3,6.9338e+06,0,72500,7.0835e+05,75808,55710,6.51e+05,58347,39167,24294,3.5646e+05,7.1104,1620.1,5636.7,0,0,0,131.05,0,649.07,2565.1,1671.4,1228.3,6504.3
7.54e+06,8.119e+06,4.3642e+06,3.3356e+06,3766.4,7.2423e+05,2.4451e+06,0,0,0,1.5436e+06,3766.4,22346,53883,1.8532e+05,35687,26134,1.4804e+05,5.7906e+05,1.9555e+06,2.3615e+06,7.6343e+09,5.4256e+09,2.9549e+08,1.0497e+09,2.3105e+05,1.9446e+08,4.4044e+08,0,0,0,7.7181e+06,0,0,3.8744e+07,2.3796e+08,1.2309e+08,9.0138e+07,3.686e+08,7.2801e+06,5.3313e+06,6.9576e+06,2.5447e+09,1.8086e+09,1.2664e+08,0,77017,7.4545e+07,1.6517e+08,0,0,0,2.3154e+07,0,7.3797e+06,5.9489e+07,1.0703e+07,7.8381e+06,7.021e+07,2430,1800,1290,1274,70.6,0,7.0355e+08,1.7599e+09,0,0,0,6750,4455,290.18,0,204.48,411.72,270.2,1979.4,1979.4,627.39,15,0,0,0,5998.4,5998.4,9485,2.0094e+07,1.0668e+07,75763,182.22,3.6272e+05,1.2246e+06,0,0,0,7718.1,6.8339e+06,0,84862,8.2909e+05,88859,65074,7.6309e+05,60320,40596,26311,3.7026e+05,6.403,1737.2,5866.5,0,0,0,154.36,0,759.74,3002.2,1959.2,1434.8,7624.3
7.6926e+06,8.3114e+06,4.6341e+06,3.4637e+06,3680.8,7.6915e+05,2.5218e+06,0,0,0,1.7389e+06,3680.8,39262,60866,2.2624e+05,41955,31902,1.678e+05,6.1881e+05,2.0294e+06,2.2953e+06,7.7889e+09,5.5541e+09,3.268e+08,1.09e+09,2.253e+05,2.0504e+08,4.5159e+08,0,0,0,8.6944e+06,0,0,4.3765e+07,2.9049e+08,1.4471e+08,1.1003e+08,4.0907e+08,8.5588e+06,6.5079e+06,7.7214e+06,2.5963e+09,1.8514e+09,1.4006e+08,0,75100,7.86e+07,1.6934e+08,0,0,0,2.6084e+07,0,8.3363e+06,7.2624e+07,1.2583e+07,9.5679e+06,7.7918e+07,2430,1800,1290,1274,70.6,0,7.5186e+08,1.8265e+09,0,0,0,6750,4455,290.18,0,204.48,411.72,270.2,1979.4,1979.4,627.39,15,0,0,0,5998.4,5998.4,9485,2.0501e+07,1.0921e+07,80450,178.08,3.7977e+05,1.2451e+06,0,0,0,8694.4,6.6425e+06,0,95861,1.0121e+06,1.0447e+05,79435,8.649e+05,61542,41557,27938,3.8447e+05,6.2573,1856.4,6088.3,0,0,0,173.89,0,858.22,3665.1,2303.3,1751.4,8641.5
7.8274e+06,8.4881e+06,4.8385e+06,3.5956e+06,3595,8.1621e+05,2.6e+06,0,0,0,1.9226e+06,3595,57916,68275,2.709e+05,48926,38077,1.8917e+05,6.6076e+05,2.1054e+06,2.2246e+06,7.9253e+09,5.6722e+09,3.5464e+08,1.1315e+09,2.1959e+05,2.1604e+08,4.6294e+08,0,0,0,9.6128e+06,0,0,4.9092e+07,3.4783e+08,1.6875e+08,1.3133e+08,4.5236e+08,9.9809e+06,7.7675e+06,8.5385e+06,2.6418e+09,1.8908e+09,1.5199e+08,0,73196,8.2818e+07,1.736e+08,0,0,0,2.8838e+07,0,9.351e+06,8.6958e+07,1.4674e+07,1.142e+07,8.6163e+07,2430,1800,1290,1274,70.6,0,8.0282e+08,1.8948e+09,0,0,0,6750,4455,290.18,0,204.48,411.72,270.2,1979.4,1979.4,627.39,15,0,0,0,5998.4,5998.4,9485,2.086e+07,1.1154e+07,83997,173.93,3.9722e+05,1.2653e+06,0,0,0,9612.8,6.4378e+06,0,1.0753e+05,1.2119e+06,1.2183e+05,94810,9.7509e+05,62620,42441,29170,3.9911e+05,6.1116,1982.2,6316.1,0,0,0,192.26,0,962.68,4388.5,2686.1,2090.4,9742.4
7.9424e+06,8.6474e+06,5.0309e+06,3.7313e+06,3505.8,8.6547e+05,2.6796e+06,0,0,0,2.1101e+06,3505.8,78317,76298,3.1953e+05,56422,44801,2.1226e+05,7.0497e+05,2.1833e+06,2.1377e+06,8.0416e+09,5.7786e+09,3.8251e+08,1.1743e+09,2.1371e+05,2.2749e+08,4.7447e+08,0,0,0,1.055e+07,0,0,5.4861e+07,4.1027e+08,1.946e+08,1.5452e+08,4.9855e+08,1.151e+07,9.1395e+06,9.4104e+06,2.6806e+09,1.9262e+09,1.6393e+08,0,71236,8.7202e+07,1.7793e+08,0,0,0,3.165e+07,0,1.045e+07,1.0257e+08,1.6922e+07,1.3437e+07,9.4962e+07,2430,1800,1290,1274,70.6,0,8.5654e+08,1.965e+09,0,0,0,6750,4455,290.18,0,204.48,411.72,270.2,1979.4,1979.4,627.39,15,0,0,0,5998.4,5998.4,9485,2.1166e+07,1.1363e+07,87336,169.61,4.1506e+05,1.2851e+06,0,0,0,10550,6.1867e+06,0,1.2017e+05,1.4295e+06,1.4049e+05,1.1156e+05,1.0941e+06,63539,43237,30330,4.1418e+05,5.9599,2114.9,6549.8,0,0,0,211.01,0,1075.8,5176.3,3097.6,2459.6,10931
8.0358e+06,8.7873e+06,5.2088e+06,3.8709e+06,3413.2,9.1694e+05,2.7606e+06,0,0,0,2.3001e+06,3413.2,1.0042e+05,84779,3.7114e+05,64263,51939,2.3642e+05,7.5148e+05,2.2631e+06,2.0356e+06,8.1362e+09,5.872e+09,4.1007e+08,1.2182e+09,2.0767e+05,2.3936e+08,4.8616e+08,0,0,0,1.1501e+07,0,0,6.096e+07,4.7655e+08,2.2165e+08,1.7914e+08,5.4607e+08,1.311e+07,1.0596e+07,1.0308e+07,2.712e+09,1.9573e+09,1.7574e+08,0,69222,9.1753e+07,1.8231e+08,0,0,0,3.4501e+07,0,1.1611e+07,1.1914e+08,1.9274e+07,1.5578e+07,1.0401e+08,2430,1800,1290,1274,70.6,0,9.1305e+08,2.0368e+09,0,0,0,6750,4455,290.18,0,204.48,411.72,270.2,1979.4,1979.4,627.39,15,0,0,0,5998.4,5998.4,9485,2.1415e+07,1.1546e+07,90424,165.13,4.3326e+05,1.3044e+06,0,0,0,11501,5.8909e+06,0,1.3352e+05,1.6604e+06,1.6002e+05,1.2933e+05,1.2186e+06,64286,43936,31403,4.2966e+05,5.8026,2254.4,6789.2,0,0,0,230.01,0,1195.4,6012.6,3528.1,2851.5,12175
8.1055e+06,8.906e+06,5.3696e+06,4.0141e+06,3317.1,9.7071e+05,2.8429e+06,0,0,0,2.4909e+06,3317.1,1.249e+05,94029,4.2832e+05,73025,59859,2.6318e+05,8.0041e+05,2.3448e+06,1.9179e+06,8.2068e+09,5.9514e+09,4.3695e+08,1.2633e+09,2.0145e+05,2.5166e+08,4.9801e+08,0,0,0,1.2454e+07,0,0,6.7611e+07,5.4996e+08,2.5187e+08,2.0646e+08,5.9841e+08,1.4897e+07,1.2211e+07,1.1295e+07,2.7356e+09,1.9838e+09,1.8726e+08,0,67149,9.6473e+07,1.8676e+08,0,0,0,3.7363e+07,0,1.2878e+07,1.3749e+08,2.1902e+07,1.7953e+07,1.1398e+08,2430,1800,1290,1274,70.6,0,9.725e+08,2.1103e+09,0,0,0,6750,4455,290.18,0,204.48,411.72,270.2,1979.4,1979.4,627.39,15,0,0,0,5998.4,5998.4,9485,2.1601e+07,1.1702e+07,93215,160.48,4.5179e+05,1.3231e+06,0,0,0,12454,5.5505e+06,0,1.4809e+05,1.9162e+06,1.8183e+05,1.4905e+05,1.3566e+06,64844,44529,32372,4.4557e+05,5.639,2401.3,7034.2,0,0,0,249.09,0,1325.8,6938.8,4009.1,3286.2,13554
8.1498e+06,9.0016e+06,5.5105e+06,4.1612e+06,3217.3,1.0268e+06,2.9265e+06,0,0,0,2.6802e+06,3217.3,1.5112e+05,1.0368e+05,4.8868e+05,82317,68211,2.9114e+05,8.5182e+05,2.4282e+06,1.7851e+06,8.2517e+09,6.0154e+09,4.6274e+08,1.3096e+09,1.9505e+05,2.6443e+08,5.1e+08,0,0,0,1.3401e+07,0,0,7.4551e+07,6.2747e+08,2.8392e+08,2.3527e+08,6.5218e+08,1.6792e+07,1.3915e+07,1.231e+07,2.7506e+09,2.0051e+09,1.9831e+08,0,65017,1.0137e+08,1.9125e+08,0,0,0,4.0203e+07,0,1.42e+07,1.5687e+08,2.4688e+07,2.0458e+07,1.2423e+08,2430,1800,1290,1274,70.6,0,1.035e+09,2.1855e+09,0,0,0,6750,4455,290.18,0,204.48,411.72,270.2,1979.4,1979.4,627.39,15,0,0,0,5998.4,5998.4,9485,2.172e+07,1.1828e+07,95663,155.66,4.7063e+05,1.3413e+06,0,0,0,13401,5.1661e+06,0,1.633e+05,2.1862e+06,2.0496e+05,1.6984e+05,1.5007e+06,65199,45009,33221,4.6189e+05,5.4695,2555.4,7284.8,0,0,0,268.02,0,1461.9,7916.8,4519.1,3744.8,14994
8.167e+06,9.0724e+06,5.6288e+06,4.309e+06,3113.7,1.0848e+06,3.009e+06,0,0,0,2.8652e+06,3113.7,1.797e+05,1.1428e+05,5.5444e+05,92299,77440,3.2152e+05,9.0541e+05,2.512e+06,1.6389e+06,8.2691e+09,6.0626e+09,4.8696e+08,1.356e+09,1.8846e+05,2.7752e+08,5.2176e+08,0,0,0,1.4326e+07,0,0,8.2173e+07,7.119e+08,3.1835e+08,2.6709e+08,7.101e+08,1.8829e+07,1.5798e+07,1.3404e+07,2.7563e+09,2.0209e+09,2.087e+08,0,62818,1.0638e+08,1.9565e+08,0,0,0,4.2977e+07,0,1.5652e+07,1.7798e+08,2.7682e+07,2.3226e+07,1.3526e+08,2430,1800,1290,1274,70.6,0,1.1001e+09,2.2609e+09,0,0,0,6750,4455,290.18,0,204.48,411.72,270.2,1979.4,1979.4,627.39,15,0,0,0,5998.4,5998.4,9485,2.1765e+07,1.1921e+07,97715,150.64,4.8953e+05,1.3578e+06,0,0,0,14326,4.7431e+06,0,1.7999e+05,2.4804e+06,2.2983e+05,1.9283e+05,1.6573e+06,65336,45362,33935,4.783e+05,5.2933,2716.2,7536,0,0,0,286.52,0,1611.3,8982,5067.2,4251.5,16558
8.1613e+06,9.1161e+06,5.7211e+06,4.4176e+06,3006.3,1.1372e+06,3.0605e+06,0,0,0,3.0393e+06,3006.3,2.1075e+05,1.2554e+05,6.2563e+05,1.0316e+05,87320,3.5426e+05,9.5486e+05,2.5706e+06,1.5013e+06,8.2633e+09,6.0918e+09,5.0914e+08,1.3902e+09,1.8167e+05,2.8902e+08,5.2811e+08,0,0,0,1.5197e+07,0,0,9.0269e+07,8.0331e+08,3.558e+08,3.0117e+08,7.7187e+08,2.1044e+07,1.7813e+07,1.457e+07,2.7545e+09,2.0306e+09,2.182e+08,0,60554,1.1079e+08,1.9804e+08,0,0,0,4.559e+07,0,1.7195e+07,2.0083e+08,3.0939e+07,2.6189e+07,1.4702e+08,2430,1800,1290,1274,70.6,0,1.1602e+09,2.3136e+09,0,0,0,6750,4455,290.18,0,204.48,411.72,270.2,1979.4,1979.4,627.39,15,0,0,0,5998.4,5998.4,9485,2.175e+07,1.1979e+07,99319,145.44,5.0509e+05,1.3594e+06,0,0,0,15197,4.3447e+06,0,1.9772e+05,2.7988e+06,2.5686e+05,2.1743e+05,1.826e+06,65289,45580,34491,4.9035e+05,5.1107,2864.6,7712,0,0,0,303.93,0,1770.1,10135,5663.4,4793.9,18245
8.1339e+06,9.1306e+06,5.7844e+06,4.4711e+06,2894.9,1.18e+06,3.0686e+06,0,0,0,3.1975e+06,2894.9,2.4403e+05,1.3735e+05,7.0107e+05,1.1454e+05,97854,3.8879e+05,9.9673e+05,2.5929e+06,1.3815e+06,8.2355e+09,6.1015e+09,5.2872e+08,1.4071e+09,1.7467e+05,2.98e+08,5.2705e+08,0,0,0,1.5987e+07,0,0,9.8758e+07,9.0017e+08,3.9505e+08,3.3751e+08,8.3617e+08,2.3366e+07,1.9963e+07,1.5783e+07,2.7451e+09,2.0339e+09,2.2659e+08,0,58225,1.1424e+08,1.9764e+08,0,0,0,4.7962e+07,0,1.8811e+07,2.2504e+08,3.4352e+07,2.9348e+07,1.5927e+08,2430,1800,1290,1274,70.6,0,1.211e+09,2.3336e+09,0,0,0,6750,4455,290.18,0,204.48,411.72,270.2,1979.4,1979.4,627.39,15,0,0,0,5998.4,5998.4,9485,2.1676e+07,1.1998e+07,1.0042e+05,140.06,5.1575e+05,1.3412e+06,0,0,0,15987,3.998e+06,0,2.1631e+05,3.1364e+06,2.8519e+05,2.4366e+05,2.004e+06,65072,45654,34873,4.9629e+05,4.9214,2990.2,7778.6,0,0,0,319.75,0,1936.6,11357,6288.1,5372.2,20023
8.0766e+06,9.1139e+06,5.8153e+06,4.5105e+06,2779.6,1.2207e+06,3.0652e+06,0,0,0,3.3402e+06,2779.6,2.7993e+05,1.5014e+05,7.8207e+05,1.2689e+05,1.0904e+05,4.2555e+05,1.0373e+06,2.6055e+06,1.2589e+06,8.1776e+09,6.0903e+09,5.4513e+08,1.4195e+09,1.6747e+05,3.0642e+08,5.2415e+08,0,0,0,1.6701e+07,0,0,1.0795e+08,1.0042e+09,4.3765e+08,3.7609e+08,9.0388e+08,2.5885e+07,2.2244e+07,1.7061e+07,2.7259e+09,2.0301e+09,2.3363e+08,0,55826,1.1746e+08,1.9655e+08,0,0,0,5.0103e+07,0,2.0563e+07,2.5104e+08,3.8057e+07,3.2703e+07,1.7217e+08,2430,1800,1290,1274,70.6,0,1.2603e+09,2.345e+09,0,0,0,6750,4455,290.18,0,204.48,411.72,270.2,1979.4,1979.4,627.39,15,0,0,0,5998.4,5998.4,9485,2.1524e+07,1.1976e+07,1.0095e+05,134.47,5.2491e+05,1.3181e+06,0,0,0,16701,3.6431e+06,0,2.3645e+05,3.4988e+06,3.1595e+05,2.7151e+05,2.1935e+06,64613,45570,35059,5.0066e+05,4.7252,3111.8,7816.6,0,0,0,334.02,0,2116.9,12670,6966.2,5986.3,21915
